metric,friedman_statistic,friedman_pvalue
macro_f1,7.7760000000000105,0.10013692514332437
