metric,friedman_statistic,friedman_pvalue
macro_f1,16.734693877551027,0.0021763262572585024
