dataset,version,instances,features,classes,minority_share
MagicTelescope,1,19020,10,2,0.3516298633017876
banknote-authentication,1,1372,4,2,0.4446064139941691
diabetes,1,768,8,2,0.3489583333333333
kc1,1,2109,21,2,0.15457562825983878
phoneme,1,5404,5,2,0.2934863064396743
satimage,1,6430,36,6,0.09720062208398134
segment,1,2310,19,7,0.14285714285714285
spambase,1,4601,57,2,0.39404477287546186
steel-plates-fault,1,1941,33,2,0.3467284904688305
vehicle,1,846,18,4,0.23522458628841608
